target,Model,RMSE_Train,RMSE_Test,R2_Train,R2_Test,MAE_Train,MAE_Test,Adjusted_R2_Train,Adjusted_R2_Test,Mean_Cross_Val_Score,Hyperparameters
Yield strength (MPa),Gradient Boosting,19.669427702343402,33.41016143296237,0.9542438677561478,0.8315078546504062,14.051260541697292,24.75205666612861,0.9525979637185992,0.8308028665945502,0.7554303651714006,"{'n_estimators': 200, 'learning_rate': 0.1, 'max_depth': 3, 'min_samples_split': 5}"
Ultimate tensile strength (MPa),Gradient Boosting,17.016766431450925,43.57331743173749,0.9633074039853827,0.7810554008516148,12.076144107700992,24.90716964283241,0.9618559563582222,0.7800510678279984,0.7882156817345285,"{'n_estimators': 200, 'learning_rate': 0.1, 'max_depth': 3, 'min_samples_split': 5}"
Elongation (%),Gradient Boosting,1.2358915325313962,2.277858717941053,0.9465012996082003,0.7998137516771788,0.921384713627937,1.7614653759099552,0.944207187241485,0.7988227306458777,0.7099359770881646,"{'n_estimators': 200, 'learning_rate': 0.1, 'max_depth': 3, 'min_samples_split': 5}"
Reduction of Area (%),Gradient Boosting,2.1187099363740254,3.495909833783619,0.951402096005288,0.8620763615135562,1.559009130085181,2.1396159269306585,0.9492479335941749,0.8613690608033693,0.7729372280305908,"{'n_estimators': 100, 'learning_rate': 0.1, 'max_depth': 3, 'min_samples_split': 5}"
Charpy impact toughness (J),Gradient Boosting,11.386707320832166,25.86288249185767,0.948593377475406,0.7407875995390982,8.489231434683903,19.889533580812692,0.9462729396531152,0.7394850246624103,0.7184092465244248,"{'n_estimators': 200, 'learning_rate': 0.1, 'max_depth': 3, 'min_samples_split': 5}"
Hardness (kg/mm2),Extra Trees Regressor,0.7104639261157871,16.226203936757152,0.9997217016520371,0.7947344445831213,0.4644056437389804,13.145787407407415,0.9995797126989948,0.78580985521717,0.5762171894676966,"{'n_estimators': 300, 'max_depth': 10, 'min_samples_split': 2, 'min_samples_leaf': 1, 'max_features': 'log2'}"
